query_type,query,rank,track_id,track_name,artists,album_name,genres,popularity,duration,explicit,similarity_score,why_similar,method
popularity_baseline,genre=rock,1,4h9wh7iOZ0GGn8QVp4RAOB,I Ain't Worried,OneRepublic,"I Ain’t Worried (Music From The Motion Picture ""Top Gun: Maverick"")",piano; pop; rock,96,2:28,False,,#1 most popular track in the 'rock' genre (popularity 96/100),popularity_baseline
popularity_baseline,genre=rock,2,2QjOHCTQ1Jl3zawyYOpxh6,Sweater Weather,The Neighbourhood,I Love You.,alt-rock; alternative; pop; rock,93,4:00,False,,#2 most popular track in the 'rock' genre (popularity 93/100),popularity_baseline
popularity_baseline,genre=rock,3,5XeFesFbtLpXzIVDNQP22n,I Wanna Be Yours,Arctic Monkeys,AM,garage; indie; rock,92,3:04,False,,#3 most popular track in the 'rock' genre (popularity 92/100),popularity_baseline
popularity_baseline,genre=rock,4,7DbdUf8aHSYoliSjO6LZv6,"Sex, Drugs, Etc.",Beach Weather,Chit Chat,rock,90,3:17,False,,#4 most popular track in the 'rock' genre (popularity 90/100),popularity_baseline
popularity_baseline,genre=rock,5,75FEaRjZTKLhTrFGsfMUXR,Running Up That Hill (A Deal With God),Kate Bush,Hounds Of Love,piano; pop; r-n-b; rock; singer-songwriter; songwriter,90,4:59,False,,#5 most popular track in the 'rock' genre (popularity 90/100),popularity_baseline
track,Smells Like Teen Spirit - Nirvana,1,2RsAajgo0g7bMCHxwH3Sk0,Come As You Are,Nirvana,Nevermind (Remastered),alt-rock; alternative; grunge; rock,79,3:39,False,0.9536,"Similar acousticness (0.00 vs 0.00), instrumentalness (0.00 vs 0.00), danceability (0.50 vs 0.50); shares the 'alt-rock' genre",content_based
track,Smells Like Teen Spirit - Nirvana,2,4kbj5MwxO1bq9wjT5g9HaA,Shut Up and Dance,WALK THE MOON,TALKING IS HARD,alt-rock; alternative; rock,83,3:19,False,0.8786,"Similar acousticness (0.00 vs 0.01), instrumentalness (0.00 vs 0.00), speechiness (0.06 vs 0.06); shares the 'alt-rock' genre",content_based
track,Smells Like Teen Spirit - Nirvana,3,1bOENKlPYEDXyH9kLFUsnj,Animals,Nickelback,Timeless Rock Hits,alt-rock; alternative; grunge; metal; rock,4,3:06,False,0.8682,"Similar acousticness (0.00 vs 0.00), speechiness (0.06 vs 0.06), instrumentalness (0.00 vs 0.03); shares the 'alt-rock' genre",content_based
track,Smells Like Teen Spirit - Nirvana,4,55yvzYuvJYG2RUEnMK78tr,About A Girl,Nirvana,Nirvana,alt-rock; alternative; grunge,74,2:47,False,0.8572,"Similar acousticness (0.00 vs 0.00), loudness (-4.6 dB vs -4.5 dB), instrumentalness (0.00 vs 0.00); shares the 'alt-rock' genre",content_based
track,Smells Like Teen Spirit - Nirvana,5,5ugV3rhvi2h6l52e1cIfLw,Kryptonite,3 Doors Down,Fishing Music,alt-rock; alternative; grunge; metal; rock,0,3:55,False,0.854,"Similar acousticness (0.00 vs 0.00), instrumentalness (0.00 vs 0.00), danceability (0.50 vs 0.54); shares the 'alt-rock' genre",content_based
track,Smells Like Teen Spirit - Nirvana,6,7HS7bD1nAWG0CzigkPX7vN,Mr. Jones,Counting Crows,Fiesta temática 90s,alt-rock; alternative; rock,0,4:33,False,0.8536,"Similar mood (valence) (0.72 vs 0.73), instrumentalness (0.00 vs 0.00), loudness (-4.6 dB vs -5.6 dB); shares the 'alt-rock' genre",content_based
track,Smells Like Teen Spirit - Nirvana,7,65mksf4l4ShgosppsGHoVR,Buddy Holly,Weezer,90's Music Grandi Successi,alt-rock; alternative; power-pop; rock,0,2:39,False,0.8511,"Similar energy (0.91 vs 0.92), acousticness (0.00 vs 0.00), loudness (-4.6 dB vs -4.6 dB); shares the 'alt-rock' genre",content_based
track,Smells Like Teen Spirit - Nirvana,8,6ehaWPjsNSf5HWOXTEFSUi,Somebody Told Me,The Killers,Rock Workout 2023,alt-rock; alternative; dance; rock,1,3:21,False,0.8482,"Similar acousticness (0.00 vs 0.00), instrumentalness (0.00 vs 0.00), danceability (0.50 vs 0.51); shares the 'alt-rock' genre",content_based
track,Smells Like Teen Spirit - Nirvana,9,6rrKbzJGGDlSZgLphopS49,Unstoppable,The Score,ATLAS,alt-rock; alternative; rock,73,3:12,False,0.8389,"Similar acousticness (0.00 vs 0.00), instrumentalness (0.00 vs 0.00), loudness (-4.6 dB vs -4.0 dB); shares the 'alt-rock' genre",content_based
track,Smells Like Teen Spirit - Nirvana,10,0uBdQzKghx88d2Lp8SLFKJ,I'm In Love With You,The 1975,I'm In Love With You,alt-rock; alternative; rock,78,4:23,True,0.8372,"Similar energy (0.91 vs 0.90), instrumentalness (0.00 vs 0.00), loudness (-4.6 dB vs -3.9 dB); shares the 'alt-rock' genre",content_based
track,Shape of You - Ed Sheeran,1,1CM4rFDU9q4EoLy2K44qE6,"Naah Goriye (From ""Bala"")",B Praak;Harrdy Sandhu;Swasti Mehul,"Naah Goriye (From ""Bala"")",pop,64,3:05,False,0.951,"Similar danceability (0.82 vs 0.82), instrumentalness (0.00 vs 0.00), tempo (96 BPM vs 100 BPM); shares the 'pop' genre",content_based
track,Shape of You - Ed Sheeran,2,0WtM2NBVQNNJLh6scP13H8,Calm Down (with Selena Gomez),Rema;Selena Gomez,Calm Down (with Selena Gomez),pop,92,3:59,False,0.9438,"Similar instrumentalness (0.00 vs 0.00), danceability (0.82 vs 0.80), loudness (-3.2 dB vs -5.2 dB); shares the 'pop' genre",content_based
track,Shape of You - Ed Sheeran,3,0zRsGGueSQLRkYWs4kPA4V,Naah,Harrdy Sandhu,Naah,pop,63,3:10,False,0.9404,"Similar instrumentalness (0.00 vs 0.00), loudness (-3.2 dB vs -2.5 dB), tempo (96 BPM vs 100 BPM); shares the 'pop' genre",content_based
track,Shape of You - Ed Sheeran,4,1ZaeaGLhFSckG8sv1y7AWk,Kya Baat Ay,Harrdy Sandhu,Kya Baat Ay,pop,68,2:59,False,0.9384,"Similar instrumentalness (0.00 vs 0.00), danceability (0.82 vs 0.85), loudness (-3.2 dB vs -4.3 dB); shares the 'pop' genre",content_based
track,Shape of You - Ed Sheeran,5,1GzgV0pRSUbenz25xWV2s8,Tauba (feat. Badshah),Payal Dev;Badshah,Tauba (feat. Badshah),pop,68,3:19,False,0.9319,"Similar instrumentalness (0.00 vs 0.00), speechiness (0.08 vs 0.08), tempo (96 BPM vs 87 BPM); shares the 'pop' genre",content_based
track,Shape of You - Ed Sheeran,6,5QKiLD7zEXvQc8VlFYmqhb,"Coka 2.0 (From ""Liger (Telugu)"")",Jaani;Lijo George-Dj Chetas;Ram Miriyala;Geetha Madhuri;Sukh-E Muzical Doctorz,"Coka 2.0 [From ""Liger (Telugu)""]",pop,66,2:46,False,0.9306,"Similar tempo (96 BPM vs 97 BPM), instrumentalness (0.00 vs 0.00), danceability (0.82 vs 0.80); shares the 'pop' genre",content_based
track,Shape of You - Ed Sheeran,7,7d4ZrG3Cer7jbqIl6wOI6D,GODSPEED,Tyson Sidhu,GODSPEED,pop,67,2:07,False,0.9181,"Similar instrumentalness (0.00 vs 0.00), tempo (96 BPM vs 100 BPM), energy (0.65 vs 0.67); shares the 'pop' genre",content_based
track,Shape of You - Ed Sheeran,8,5mnvugwfFYnJm9zuyGkgqF,"Ghalat Fehmi - From ""Superstar""",Asim Azhar;Zenab Fatimah Sultan,"Ghalat Fehmi (From ""Superstar"")",pop,66,4:46,False,0.9088,"Similar instrumentalness (0.00 vs 0.00), acousticness (0.58 vs 0.61), speechiness (0.08 vs 0.09); shares the 'pop' genre",content_based
track,Shape of You - Ed Sheeran,9,6TtNVOFQUbQDUbTQwdILH1,"Coka 2.0 (From ""Liger"")",Jaani;Lijo George-Dj Chetas;Sukh-E Muzical Doctorz;Lisa Mishra,"Coka 2.0 (From ""Liger"")",pop,66,2:46,False,0.9046,"Similar loudness (-3.2 dB vs -3.0 dB), tempo (96 BPM vs 97 BPM), instrumentalness (0.00 vs 0.00); shares the 'pop' genre",content_based
track,Shape of You - Ed Sheeran,10,5cjVsWqIkBQC7acTRhL0RO,Kamariya,Aastha Gill;Sachin Sanghvi;Jigar Saraiya;Divya Kumar,Stree,pop,65,3:08,False,0.8896,"Similar danceability (0.82 vs 0.82), tempo (96 BPM vs 97 BPM), instrumentalness (0.00 vs 0.00); shares the 'pop' genre",content_based
track,Master of Puppets - Metallica,1,7o2CTH4ctstm8TNelqjb51,Sweet Child O' Mine,Guns N' Roses,Appetite For Destruction,hard-rock; metal; rock,84,5:55,True,0.8526,"Similar speechiness (0.04 vs 0.04), acousticness (0.00 vs 0.09), energy (0.84 vs 0.91); shares the 'hard-rock' genre",content_based
track,Master of Puppets - Metallica,2,0bVtevEgtDIeRjCJbK3Lmv,Welcome To The Jungle,Guns N' Roses,Appetite For Destruction,hard-rock; metal; rock,80,4:32,True,0.8343,"Similar acousticness (0.00 vs 0.02), instrumentalness (0.43 vs 0.40), loudness (-9.1 dB vs -8.1 dB); shares the 'hard-rock' genre",content_based
track,Master of Puppets - Metallica,3,5sICkBXVmaCQk5aISGR3x1,Enter Sandman,Metallica,Metallica,hard-rock; metal; rock,81,5:31,False,0.8303,"Similar acousticness (0.00 vs 0.00), energy (0.84 vs 0.83), speechiness (0.04 vs 0.03); shares the 'hard-rock' genre",content_based
track,Master of Puppets - Metallica,4,6UB9mShVLbMm0W4e6vud4C,Battery,Metallica,Master Of Puppets (Remastered),hard-rock; metal,65,5:12,False,0.8299,"Similar acousticness (0.00 vs 0.00), loudness (-9.1 dB vs -8.8 dB), tempo (105 BPM vs 97 BPM); shares the 'hard-rock' genre",content_based
track,Master of Puppets - Metallica,5,5qFxuUIAwJlzO60vqOiL7y,Rainbow In The Dark,Dio,Holy Diver,hard-rock; metal,68,4:13,False,0.8138,"Similar acousticness (0.00 vs 0.00), speechiness (0.04 vs 0.04), instrumentalness (0.43 vs 0.40); shares the 'hard-rock' genre",content_based
track,Master of Puppets - Metallica,6,3EAdkWngM7RifOu9kSH4cu,Square Hammer,Ghost,Halloween Spooky Party 2022,hard-rock; metal; rock,0,3:59,False,0.8007,"Similar acousticness (0.00 vs 0.00), speechiness (0.04 vs 0.05), danceability (0.54 vs 0.53); shares the 'hard-rock' genre",content_based
track,Master of Puppets - Metallica,7,2HZLXBOnaSRhXStMLrq9fD,Mary On A Cross,Ghost,Seven Inches Of Satanic Panic,hard-rock; metal; rock,88,4:05,False,0.7472,"Similar acousticness (0.00 vs 0.00), mood (valence) (0.56 vs 0.56), speechiness (0.04 vs 0.04); shares the 'hard-rock' genre",content_based
track,Master of Puppets - Metallica,8,2SrVGpjv0mqCR6j9EZPSm2,2 Minutes to Midnight - 2015 Remaster,Iron Maiden,Powerslave (2015 Remaster),hard-rock; metal,66,6:04,False,0.7247,"Similar acousticness (0.00 vs 0.01), speechiness (0.04 vs 0.05), mood (valence) (0.56 vs 0.59); shares the 'hard-rock' genre",content_based
track,Master of Puppets - Metallica,9,3QZ7uX97s82HFYSmQUAN1D,Tom Sawyer,Rush,Moving Pictures (2011 Remaster),hard-rock; metal,73,4:37,False,0.7239,"Similar acousticness (0.00 vs 0.00), speechiness (0.04 vs 0.04), danceability (0.54 vs 0.54); shares the 'hard-rock' genre",content_based
track,Master of Puppets - Metallica,10,4LgWrfYiwdstak9a4i6DZw,Detroit Rock City - Edit,KISS,Rock & Halloween,hard-rock; metal; rock,1,3:36,False,0.7219,"Similar acousticness (0.00 vs 0.03), danceability (0.54 vs 0.52), mood (valence) (0.56 vs 0.45); shares the 'hard-rock' genre",content_based
profile,"genres=['jazz'], prefs={'acousticness': 0.85, 'energy': 0.25}",1,7esh5OJ7CP435rmXeGm305,Santa Baby,Eartha Kitt,Classic Christmas Greatest Hits,jazz,0,2:49,False,0.9807,"Similar speechiness (0.06 vs 0.05), acousticness (0.85 vs 0.89), energy (0.25 vs 0.24); shares the 'jazz' genre",content_based
profile,"genres=['jazz'], prefs={'acousticness': 0.85, 'energy': 0.25}",2,7knht8aJ0OGe173oiks4FG,"Baby, It's Cold Outside - Remastered 2004",Dean Martin,Best Christmas Songs 2022 | For under the Mistletoe,jazz,0,2:23,False,0.9749,"Similar loudness (-11.6 dB vs -11.5 dB), acousticness (0.85 vs 0.81), danceability (0.51 vs 0.50); shares the 'jazz' genre",content_based
profile,"genres=['jazz'], prefs={'acousticness': 0.85, 'energy': 0.25}",3,6Nnohe4qA8s5BiuoIAn560,You're Nobody 'Til Somebody Loves You - Remastered/1997,Dean Martin,Christmas time but not Christmas songs 2022,jazz,0,2:13,False,0.9706,"Similar energy (0.25 vs 0.25), danceability (0.51 vs 0.49), acousticness (0.85 vs 0.78); shares the 'jazz' genre",content_based
profile,"genres=['jazz'], prefs={'acousticness': 0.85, 'energy': 0.25}",4,3wMJQ5qeN02ljNn3lRMVka,Habits,Scott Bradlee's Postmodern Jukebox;Haley Reinhart,Selfies on Kodachrome,jazz,59,3:36,False,0.9604,"Similar acousticness (0.85 vs 0.86), speechiness (0.06 vs 0.05), tempo (113 BPM vs 117 BPM); shares the 'jazz' genre",content_based
profile,"genres=['jazz'], prefs={'acousticness': 0.85, 'energy': 0.25}",5,5vEopnR9F4viOgBg0agaOD,¿Cómo Fue?,Beny Moré,RCA 100 Años De Musica,jazz,44,2:55,False,0.9598,"Similar energy (0.25 vs 0.27), loudness (-11.6 dB vs -11.1 dB), speechiness (0.06 vs 0.04); shares the 'jazz' genre",content_based
profile,"genres=['jazz'], prefs={'acousticness': 0.85, 'energy': 0.25}",6,2Lpy3EwCxTCDnpSoraugYc,Half The Perfect World,Madeleine Peyroux,Half The Perfect World,jazz,36,4:21,False,0.9527,"Similar energy (0.25 vs 0.22), tempo (113 BPM vs 109 BPM), speechiness (0.06 vs 0.03); shares the 'jazz' genre",content_based
profile,"genres=['jazz'], prefs={'acousticness': 0.85, 'energy': 0.25}",7,4fLrPy9wjGuRjGAnWvNvcX,O Tannenbaum,Vince Guaraldi Trio,Ultimate Calm Christmas Jazz,jazz,0,5:09,False,0.9486,"Similar speechiness (0.06 vs 0.04), acousticness (0.85 vs 0.91), energy (0.25 vs 0.19); shares the 'jazz' genre",content_based
profile,"genres=['jazz'], prefs={'acousticness': 0.85, 'energy': 0.25}",8,6QU82YjJmY9doJBaqE0A88,Joy To The World - Remastered 1999,Nat King Cole,Best Christmas Playlist Ever 2022,jazz,0,1:25,False,0.9457,"Similar acousticness (0.85 vs 0.82), loudness (-11.6 dB vs -10.3 dB), danceability (0.51 vs 0.55); shares the 'jazz' genre",content_based
profile,"genres=['jazz'], prefs={'acousticness': 0.85, 'energy': 0.25}",9,5cAUbhZcGKn666AZ9oO3RO,Moon River,Louis Armstrong,The Greatest Jazz Mix,jazz,2,2:56,False,0.9408,"Similar acousticness (0.85 vs 0.89), instrumentalness (0.08 vs 0.01), speechiness (0.06 vs 0.03); shares the 'jazz' genre",content_based
profile,"genres=['jazz'], prefs={'acousticness': 0.85, 'energy': 0.25}",10,1kkCeMpEx707LGM1nh9uyG,Love is in the Air,48th St. Collective,"Vintage Café: Lounge and Jazz Blends, Vol. 22",jazz,0,2:51,False,0.9396,"Similar loudness (-11.6 dB vs -12.0 dB), instrumentalness (0.08 vs 0.12), acousticness (0.85 vs 0.79); shares the 'jazz' genre",content_based
